<?xml version="1.0" encoding="UTF-8"?>
<project-private xmlns="http://www.netbeans.org/ns/project-private/1">
    <editor-bookmarks xmlns="http://www.netbeans.org/ns/editor-bookmarks/2" lastBookmarkId="0"/>
    <open-files xmlns="http://www.netbeans.org/ns/projectui-open-files/2">
        <group>
            <file>file:/C:/Users/CECCE/Desktop/TableauSort/JavaApplication2/src/Sort.java</file>
            <file>file:/C:/Users/CECCE/Desktop/TableauSort/JavaApplication2/src/Tableau2SommeMilieu.java</file>
            <file>file:/C:/Users/CECCE/Desktop/TableauSort/JavaApplication2/src/TLNI.java</file>
            <file>file:/C:/Users/CECCE/Desktop/TableauSort/JavaApplication2/src/TableauAleratoire.java</file>
            <file>file:/C:/Users/CECCE/Desktop/TableauSort/JavaApplication2/src/TLNP.java</file>
            <file>file:/C:/Users/CECCE/Desktop/TableauSort/JavaApplication2/src/Tableau2MoyenneMilieu.java</file>
        </group>
    </open-files>
</project-private>
